<?xml version="1.0" encoding="UTF-8"?>
<beans xmlns="http://www.springframework.org/schema/beans"
	xmlns:xsi="http://www.w3.org/2001/XMLSchema-instance"
	xsi:schemaLocation="http://www.springframework.org/schema/beans http://www.springframework.org/schema/beans/spring-beans.xsd">
	
	<bean id="sbu" class="com.cg.entity.SBU">
		 <property name="sbuCode" value="PES-BU"></property>
		 <property name="sbuName" value="Kiran Rao"></property>
		 <property name="sbuHead" value="Product Engineering Services"></property>
		 <property name="empList">
		 	<list>
			 	<ref bean="emp1"></ref>
			 	<ref bean="emp2"></ref>
		 	</list>
		 </property>
	</bean>
	<bean id="emp1" class="com.cg.entity.Employee">
		 <property name="employeeId" value="1"></property>
		 <property name="employeeName" value="Pranali"></property>
		 <property name="salary" value="40000"></property>
		 <property name="businessUnit" value="PES-BU"></property>
		 <property name="age" value="22"></property>
	</bean>
	<bean id="emp2" class="com.cg.entity.Employee">
		 <property name="employeeId" value="2"></property>
		 <property name="employeeName" value="John"></property>
		 <property name="salary" value="40000"></property>
		 <property name="businessUnit" value="PES-BU"></property>
		 <property name="age" value="23"></property>
	</bean>

</beans>
